Comments,sentiment
"You are not the only one that gets sentimental around that time as I said to that year, remember",-0.125
And no u not the only one that get sentimental .. I do to ..missing my son who was killed and dad who died of lever cancer .  So u not the only one mark..,-0.1125
"You are not the only one that gets sentimental around that time as I said to that year, remember",-0.125
And no u not the only one that get sentimental .. I do to ..missing my son who was killed and dad who died of lever cancer .  So u not the only one mark..,-0.1125
"You are not the only one that gets sentimental around that time as I said to that year, remember",-0.125
And no u not the only one that get sentimental .. I do to ..missing my son who was killed and dad who died of lever cancer .  So u not the only one mark..,-0.1125
So touching :-(,-0.125
"I'm so sorry Vin, in the sky's above he ""Paul"" will always be watching over you and your family.",-0.25
So touching :-(,-0.125
"I'm so sorry Vin, in the sky's above he ""Paul"" will always be watching over you and your family.",-0.25
So touching :-(,-0.125
"I'm so sorry Vin, in the sky's above he ""Paul"" will always be watching over you and your family.",-0.25
Violent bald,-0.8
Violent bald,-0.8
Violent bald,-0.8
"Sir.Please help me, I asked everyone for help but no one even answers me, I know you do not know me and I am from another country, but I am helpless My mother is sick and I do not have enough money for treatment. I work myself but it is not enough. I have no one but my mother.I am Afghan. I live in Iran. I have no one but my mother. My father and brother died in AfghanistanPlz sir,i beg you",-0.1444805194805195
"Sir.Please help me, I asked everyone for help but no one even answers me, I know you do not know me and I am from another country, but I am helpless My mother is sick and I do not have enough money for treatment. I work myself but it is not enough. I have no one but my mother.I am Afghan. I live in Iran. I have no one but my mother. My father and brother died in AfghanistanPlz sir,i beg you",-0.1444805194805195
"Sir.Please help me, I asked everyone for help but no one even answers me, I know you do not know me and I am from another country, but I am helpless My mother is sick and I do not have enough money for treatment. I work myself but it is not enough. I have no one but my mother.I am Afghan. I live in Iran. I have no one but my mother. My father and brother died in AfghanistanPlz sir,i beg you",-0.1444805194805195
I saw the bike in drain oregon when you left it down the street mind seeding playing games. You never know a bigger animal may play games with you.,-0.051851851851851864
I saw the bike in drain oregon when you left it down the street mind seeding playing games. You never know a bigger animal may play games with you.,-0.051851851851851864
I saw the bike in drain oregon when you left it down the street mind seeding playing games. You never know a bigger animal may play games with you.,-0.051851851851851864
@kegsyoubeezy @_basedturkey  awkward asf,-0.6
@kegsyoubeezy @_basedturkey  awkward asf,-0.6
@kegsyoubeezy @_basedturkey  awkward asf,-0.6
2020 anyone ?? :((,-0.75
2020 anyone ?? :((,-0.75
2020 anyone ?? :((,-0.75
You should make a movie about your past,-0.25
You should make a movie about your past,-0.25
You should make a movie about your past,-0.25
"What Do you mean @bluguardiano_canecorso to vin's dog? You are a cane corso expert as breeder, can you say Whats right to me and @wildpipm.blakes ... we won't die stupid ğŸ˜‚",-0.27559523809523806
"What Do you mean @bluguardiano_canecorso to vin's dog? You are a cane corso expert as breeder, can you say Whats right to me and @wildpipm.blakes ... we won't die stupid ğŸ˜‚",-0.27559523809523806
"What Do you mean @bluguardiano_canecorso to vin's dog? You are a cane corso expert as breeder, can you say Whats right to me and @wildpipm.blakes ... we won't die stupid ğŸ˜‚",-0.27559523809523806
JA RULE SHOULD COME BACK TO FAST AND FURIOUS BEFORE IT'S TO LATE DOM,-0.033333333333333326
JA RULE SHOULD COME BACK TO FAST AND FURIOUS BEFORE IT'S TO LATE DOM,-0.033333333333333326
JA RULE SHOULD COME BACK TO FAST AND FURIOUS BEFORE IT'S TO LATE DOM,-0.033333333333333326
only one you are missing Paul Walker WilliamsğŸ’ª,-0.1
only one you are missing Paul Walker WilliamsğŸ’ª,-0.1
only one you are missing Paul Walker WilliamsğŸ’ª,-0.1
"their's my bad boy,oh yah",-0.6999999999999998
"their's my bad boy,oh yah",-0.6999999999999998
"their's my bad boy,oh yah",-0.6999999999999998
I will not get tire of staring you at you everyday because you brought my life into smile...â¤â¤â¤,-0.2
I will not get tire of staring you at you everyday because you brought my life into smile...â¤â¤â¤,-0.2
I will not get tire of staring you at you everyday because you brought my life into smile...â¤â¤â¤,-0.2
Sexyy mio amor Grrrr,-0.7
Sexyy mio amor Grrrr,-0.7
Sexyy mio amor Grrrr,-0.7
Sexyy mio amor Grrrr,-0.7
Sexyy mio amor Grrrr,-0.7
Sexyy mio amor Grrrr,-0.7
One legend missing @paulwalker ğŸ˜¢ğŸ˜¢,-0.2
One legend missing @paulwalker ğŸ˜¢ğŸ˜¢,-0.2
One legend missing @paulwalker ğŸ˜¢ğŸ˜¢,-0.2
No you are Groot ! And Chris the ending of volume 3 was terrible. How can you go through all that action then have the last scene eating a bowl of cereal?,-0.3
No you are Groot ! And Chris the ending of volume 3 was terrible. How can you go through all that action then have the last scene eating a bowl of cereal?,-0.3
No you are Groot ! And Chris the ending of volume 3 was terrible. How can you go through all that action then have the last scene eating a bowl of cereal?,-0.3
She is a cocky and arrogant woman w very poor sportsmanship! Poor role model!! ğŸ‘ğŸ» Confident people let their craft do all the talking. And grown women don't call other women bitches. Grow up Ronda!  @vindiesel,-0.22625
She is a cocky and arrogant woman w very poor sportsmanship! Poor role model!! ğŸ‘ğŸ» Confident people let their craft do all the talking. And grown women don't call other women bitches. Grow up Ronda!  @vindiesel,-0.22625
She is a cocky and arrogant woman w very poor sportsmanship! Poor role model!! ğŸ‘ğŸ» Confident people let their craft do all the talking. And grown women don't call other women bitches. Grow up Ronda!  @vindiesel,-0.22625
Crazy,-0.6
Crazy,-0.6
Crazy,-0.6
"@kcoreasoto Billy Lynn's Long Halftime Walk, plus you probably see that Vin Diesel is gonna be in there",-0.05
extremely looking forward to itğŸ‘ğŸ»,-0.125
"@kcoreasoto Billy Lynn's Long Halftime Walk, plus you probably see that Vin Diesel is gonna be in there",-0.05
extremely looking forward to itğŸ‘ğŸ»,-0.125
"@kcoreasoto Billy Lynn's Long Halftime Walk, plus you probably see that Vin Diesel is gonna be in there",-0.05
extremely looking forward to itğŸ‘ğŸ»,-0.125
Little lion and lioness make do things we never thought possible,-0.09375
Little lion and lioness make do things we never thought possible,-0.09375
Little lion and lioness make do things we never thought possible,-0.09375
Bro casually posting on an island ğŸ˜‚ğŸ‘ŒğŸ’ªğŸ»@vindiesel,-0.5000000000000001
Bro casually posting on an island ğŸ˜‚ğŸ‘ŒğŸ’ªğŸ»@vindiesel,-0.5000000000000001
Bro casually posting on an island ğŸ˜‚ğŸ‘ŒğŸ’ªğŸ»@vindiesel,-0.5000000000000001
Live for nothing dead for something,-0.03181818181818183
Live for nothing dead for something,-0.03181818181818183
Live for nothing dead for something,-0.03181818181818183
God bless u bro my King is Uncle Bekki long life,-0.05
God bless u bro my King is Uncle Bekki long life,-0.05
God bless u bro my King is Uncle Bekki long life,-0.05
They don't stay babies for longğŸ˜¢. Soon you'll be standing at your front door with a shotgun cos some punk turns up wanting to take her on 'a date' or you have 'a little talk' with him before prom.ğŸ˜‚,-0.1875
They don't stay babies for longğŸ˜¢. Soon you'll be standing at your front door with a shotgun cos some punk turns up wanting to take her on 'a date' or you have 'a little talk' with him before prom.ğŸ˜‚,-0.1875
They don't stay babies for longğŸ˜¢. Soon you'll be standing at your front door with a shotgun cos some punk turns up wanting to take her on 'a date' or you have 'a little talk' with him before prom.ğŸ˜‚,-0.1875
Stop with racing people in their lives it's gangstalking and illegal in Cali. Needs to be made illegal in the rest of the country,-0.5
Stop with racing people in their lives it's gangstalking and illegal in Cali. Needs to be made illegal in the rest of the country,-0.5
Stop with racing people in their lives it's gangstalking and illegal in Cali. Needs to be made illegal in the rest of the country,-0.5
The game app app play is fun but it doesnâ€™t even load and game play play game play for free free play play game game app great game app app for free app play play game,-0.041666666666666664
The game app app play is fun but it doesnâ€™t even load and game play play game play for free free play play game game app great game app app for free app play play game,-0.041666666666666664
The game app app play is fun but it doesnâ€™t even load and game play play game play for free free play play game game app great game app app for free app play play game,-0.041666666666666664
O my goodness I just can not hold myself back to say. You have the most Sexiest Mouth I have ever seen. Damnit Man this close up just did it in for me. Now I must go take a cold shower.... ğŸ”¥,-0.033333333333333326
"@vindiesel Through days and sleepless nights because I thought plight because I feel exhausted, tired children also suffering very much. We vow to tell the truth. ğŸ™ğŸ™ğŸ™ @vindiesel",-0.18000000000000002
"@vindiesel Through days and sleepless nights because I thought plight because I feel exhausted, tired children also suffering very much. We vow to tell the truth. ğŸ™ğŸ™ğŸ™ @vindiesel",-0.18000000000000002
O my goodness I just can not hold myself back to say. You have the most Sexiest Mouth I have ever seen. Damnit Man this close up just did it in for me. Now I must go take a cold shower.... ğŸ”¥,-0.033333333333333326
"@vindiesel Through days and sleepless nights because I thought plight because I feel exhausted, tired children also suffering very much. We vow to tell the truth. ğŸ™ğŸ™ğŸ™ @vindiesel",-0.18000000000000002
"@vindiesel Through days and sleepless nights because I thought plight because I feel exhausted, tired children also suffering very much. We vow to tell the truth. ğŸ™ğŸ™ğŸ™ @vindiesel",-0.18000000000000002
O my goodness I just can not hold myself back to say. You have the most Sexiest Mouth I have ever seen. Damnit Man this close up just did it in for me. Now I must go take a cold shower.... ğŸ”¥,-0.033333333333333326
"@vindiesel Through days and sleepless nights because I thought plight because I feel exhausted, tired children also suffering very much. We vow to tell the truth. ğŸ™ğŸ™ğŸ™ @vindiesel",-0.18000000000000002
"@vindiesel Through days and sleepless nights because I thought plight because I feel exhausted, tired children also suffering very much. We vow to tell the truth. ğŸ™ğŸ™ğŸ™ @vindiesel",-0.18000000000000002
wait there guys Iâ€™m confused i miss Paul but if he died in 2013 how did they film it in 2017,-0.4
wait there guys Iâ€™m confused i miss Paul but if he died in 2013 how did they film it in 2017,-0.4
wait there guys Iâ€™m confused i miss Paul but if he died in 2013 how did they film it in 2017,-0.4
Have you even paint prepped and painted a corvette stingray? I have actually president Biden is in the same green onerhat I worked on. Matter of fact Chester's chicken is also he penguin.  I have educates myself on the way of the abuse. One day he abuse will stop.,-0.2
Have you even paint prepped and painted a corvette stingray? I have actually president Biden is in the same green onerhat I worked on. Matter of fact Chester's chicken is also he penguin.  I have educates myself on the way of the abuse. One day he abuse will stop.,-0.2
Have you even paint prepped and painted a corvette stingray? I have actually president Biden is in the same green onerhat I worked on. Matter of fact Chester's chicken is also he penguin.  I have educates myself on the way of the abuse. One day he abuse will stop.,-0.2
Other Celebrities sites too!ğŸ˜®,-0.125
"This post is from May 22nd , 2022! Something is wrong with my phone! Itâ€™s being to hacked by my Scammer sites! Yea",-0.78125
Who would want to be with someone with a SUPER BAD TEMPER â‰ï¸â€¼ï¸,-0.18333333333333326
"Same here, it started almost four years ago, with him asking me to marry me too! Only Real Vin Diesel is blue Checkmark Instagram site!  Not on WhatsApp, Hangouts,, other â€œ fake Vin Diesel Private, and Mark Sinclair!",-0.060714285714285714
Other Celebrities sites too!ğŸ˜®,-0.125
"This post is from May 22nd , 2022! Something is wrong with my phone! Itâ€™s being to hacked by my Scammer sites! Yea",-0.78125
Who would want to be with someone with a SUPER BAD TEMPER â‰ï¸â€¼ï¸,-0.18333333333333326
"Same here, it started almost four years ago, with him asking me to marry me too! Only Real Vin Diesel is blue Checkmark Instagram site!  Not on WhatsApp, Hangouts,, other â€œ fake Vin Diesel Private, and Mark Sinclair!",-0.060714285714285714
Other Celebrities sites too!ğŸ˜®,-0.125
"This post is from May 22nd , 2022! Something is wrong with my phone! Itâ€™s being to hacked by my Scammer sites! Yea",-0.78125
Who would want to be with someone with a SUPER BAD TEMPER â‰ï¸â€¼ï¸,-0.18333333333333326
"Same here, it started almost four years ago, with him asking me to marry me too! Only Real Vin Diesel is blue Checkmark Instagram site!  Not on WhatsApp, Hangouts,, other â€œ fake Vin Diesel Private, and Mark Sinclair!",-0.060714285714285714
You are really bad  @therock is better,-0.09999999999999992
You are really bad  @therock is better,-0.09999999999999992
You are really bad  @therock is better,-0.09999999999999992
You weird as fuck lmaoo,-0.45
You weird as fuck lmaoo,-0.45
You weird as fuck lmaoo,-0.45
Dom you shut it down ğŸ’¥ğŸ‹ğŸ’¯ğŸ‘ˆğŸ’¥,-0.15555555555555559
Dom you shut it down ğŸ’¥ğŸ‹ğŸ’¯ğŸ‘ˆğŸ’¥,-0.15555555555555559
Dom you shut it down ğŸ’¥ğŸ‹ğŸ’¯ğŸ‘ˆğŸ’¥,-0.15555555555555559
l cried a lot no fast and furios 7,-0.1
l cried a lot no fast and furios 7,-0.1
l cried a lot no fast and furios 7,-0.1
that guy so dirty look,-0.6
that guy so dirty look,-0.6
that guy so dirty look,-0.6
Mesmo que nÃ£o responde no direct eu mando um grande abraÃ§oâ¤ï¸,-0.05
Mesmo que nÃ£o responde no direct eu mando um grande abraÃ§oâ¤ï¸,-0.05
Mesmo que nÃ£o responde no direct eu mando um grande abraÃ§oâ¤ï¸,-0.05
Did paul walker died because im confused?,-0.4
Did paul walker died because im confused?,-0.4
Did paul walker died because im confused?,-0.4
watch oht there is a ninja behind you!!!!,-0.9765625
I feel stupid saying this but what is so funny,-0.27499999999999997
watch oht there is a ninja behind you!!!!,-0.9765625
I feel stupid saying this but what is so funny,-0.27499999999999997
watch oht there is a ninja behind you!!!!,-0.9765625
I feel stupid saying this but what is so funny,-0.27499999999999997
"Oh by the way what is premeditated M? Thats what happened, thats how he falls, he doesn't get rewarded for the worst sin on the books, catholic or not its the big sin and you know who's tied together and talking to eachother now, OR and TX. I saved your life. I want my money. No fucking 10 second car. All of my money from what you owe. There is nothing else to discuss.",-0.25
You know who I'm talking about. I actually throw up a little bit....,-0.09375
This needs to stop. You have no clue of the damage this has done to my life. Cut them out of my life please thank you. It has wasted enough of my time and now they have taken lives. This heart breaking. Nothing is worth this. I demand this to stop. Put yourself into my fucking shoes!!!,-0.225
"Oh by the way what is premeditated M? Thats what happened, thats how he falls, he doesn't get rewarded for the worst sin on the books, catholic or not its the big sin and you know who's tied together and talking to eachother now, OR and TX. I saved your life. I want my money. No fucking 10 second car. All of my money from what you owe. There is nothing else to discuss.",-0.25
You know who I'm talking about. I actually throw up a little bit....,-0.09375
This needs to stop. You have no clue of the damage this has done to my life. Cut them out of my life please thank you. It has wasted enough of my time and now they have taken lives. This heart breaking. Nothing is worth this. I demand this to stop. Put yourself into my fucking shoes!!!,-0.225
"Oh by the way what is premeditated M? Thats what happened, thats how he falls, he doesn't get rewarded for the worst sin on the books, catholic or not its the big sin and you know who's tied together and talking to eachother now, OR and TX. I saved your life. I want my money. No fucking 10 second car. All of my money from what you owe. There is nothing else to discuss.",-0.25
You know who I'm talking about. I actually throw up a little bit....,-0.09375
This needs to stop. You have no clue of the damage this has done to my life. Cut them out of my life please thank you. It has wasted enough of my time and now they have taken lives. This heart breaking. Nothing is worth this. I demand this to stop. Put yourself into my fucking shoes!!!,-0.225
Stop working with chinesse producer !.. triple xxx is a crap !.. we didn't see your character while in watching triple xxx !,-1.0
Stop working with chinesse producer !.. triple xxx is a crap !.. we didn't see your character while in watching triple xxx !,-1.0
Stop working with chinesse producer !.. triple xxx is a crap !.. we didn't see your character while in watching triple xxx !,-1.0
"If people say something bad, itâ€™s a reflection on who THEY are.  It has nothing to do with you.  You go girl!  Donâ€™t worry about what they think or say. You be who and what you were meant to be! You do what you were meant to do ! Go out there and conquer the world with love !",-0.1875
"If people say something bad, itâ€™s a reflection on who THEY are.  It has nothing to do with you.  You go girl!  Donâ€™t worry about what they think or say. You be who and what you were meant to be! You do what you were meant to do ! Go out there and conquer the world with love !",-0.1875
"If people say something bad, itâ€™s a reflection on who THEY are.  It has nothing to do with you.  You go girl!  Donâ€™t worry about what they think or say. You be who and what you were meant to be! You do what you were meant to do ! Go out there and conquer the world with love !",-0.1875
"A picture with Groot, Vin, & Hasbulla, strange.",-0.05
"A picture with Groot, Vin, & Hasbulla, strange.",-0.05
"A picture with Groot, Vin, & Hasbulla, strange.",-0.05
A chow down!,-0.19444444444444448
A chow down!,-0.19444444444444448
A chow down!,-0.19444444444444448
Little butt. ;p,-0.1875
Little butt. ;p,-0.1875
Little butt. ;p,-0.1875
CHATS COW CAFIA COES CT,-0.13333333333333333
Sorry if I am liking to many past photos.,-0.08333333333333333
CHATS COW CAFIA COES CT,-0.13333333333333333
Sorry if I am liking to many past photos.,-0.08333333333333333
CHATS COW CAFIA COES CT,-0.13333333333333333
Sorry if I am liking to many past photos.,-0.08333333333333333
Yeah you got that right because I am now 14 years old and I sadly have big feet size 15 trying to put my feet in my shoes very hard,-0.0986904761904762
Yeah you got that right because I am now 14 years old and I sadly have big feet size 15 trying to put my feet in my shoes very hard,-0.0986904761904762
Yeah you got that right because I am now 14 years old and I sadly have big feet size 15 trying to put my feet in my shoes very hard,-0.0986904761904762
"@vindiesel I'm your brazilian fan. I would like to meet you.. Everywhere, everyday. If you want realize my dream, contact me on my email: joaovmaia@gmail.com .. Tmj ğŸ‘ŠğŸ» (brazilian slang)",-0.2
"@vindiesel I'm your brazilian fan. I would like to meet you.. Everywhere, everyday. If you want realize my dream, contact me on my email: joaovmaia@gmail.com .. Tmj ğŸ‘ŠğŸ» (brazilian slang)",-0.2
"@vindiesel I'm your brazilian fan. I would like to meet you.. Everywhere, everyday. If you want realize my dream, contact me on my email: joaovmaia@gmail.com .. Tmj ğŸ‘ŠğŸ» (brazilian slang)",-0.2
I hated this movie too and all of your Fast and Furious movies,-0.35
I hated this movie too and all of your Fast and Furious movies,-0.35
I hated this movie too and all of your Fast and Furious movies,-0.35
You too were amazing coming from different One played a cop The other one played the bad boy I was so sad when he got killed,-0.15416666666666665
You too were amazing coming from different One played a cop The other one played the bad boy I was so sad when he got killed,-0.15416666666666665
You too were amazing coming from different One played a cop The other one played the bad boy I was so sad when he got killed,-0.15416666666666665
I'm so sad that there's no Paul Walker in fast and forius 9,-0.15
I'm so sad that there's no Paul Walker in fast and forius 9,-0.15
I'm so sad that there's no Paul Walker in fast and forius 9,-0.15
Grrr sussy baddie baka,-0.7
Grrr sussy baddie baka,-0.7
Grrr sussy baddie baka,-0.7
"When will my wish come true, I will reach you, I am far from Kuwait, but nothing is impossible ğŸ¤™ğŸ½",-0.07222222222222223
"When will my wish come true, I will reach you, I am far from Kuwait, but nothing is impossible ğŸ¤™ğŸ½",-0.07222222222222223
"When will my wish come true, I will reach you, I am far from Kuwait, but nothing is impossible ğŸ¤™ğŸ½",-0.07222222222222223
"Nothing in impossible you only have to put one foot in front of the other, your path is ahead of you, so don't put rocks or borders in your way, they soon will fall,? Its your choice to walk around them or stop walking.  Quote from PAZ",-0.2638888888888889
"Nothing in impossible you only have to put one foot in front of the other, your path is ahead of you, so don't put rocks or borders in your way, they soon will fall,? Its your choice to walk around them or stop walking.  Quote from PAZ",-0.2638888888888889
"Nothing in impossible you only have to put one foot in front of the other, your path is ahead of you, so don't put rocks or borders in your way, they soon will fall,? Its your choice to walk around them or stop walking.  Quote from PAZ",-0.2638888888888889
Plz become a Muslim :(,-0.75
Plz become a Muslim :(,-0.75
Plz become a Muslim :(,-0.75
The future past and present was always a spiritual one. Your in the wrong for the sins you have committed against me. If one hair on any one of my family is hurt or harmed I promise you I will avenge my family. By any means necessary,-0.125
The future past and present was always a spiritual one. Your in the wrong for the sins you have committed against me. If one hair on any one of my family is hurt or harmed I promise you I will avenge my family. By any means necessary,-0.125
The future past and present was always a spiritual one. Your in the wrong for the sins you have committed against me. If one hair on any one of my family is hurt or harmed I promise you I will avenge my family. By any means necessary,-0.125
I forgot but she has two sisters and one baby brother and I'm not sure if her name is alexia or asia,-0.25
Ill fuck her @vindiesel,-0.45
I forgot but she has two sisters and one baby brother and I'm not sure if her name is alexia or asia,-0.25
Ill fuck her @vindiesel,-0.45
I forgot but she has two sisters and one baby brother and I'm not sure if her name is alexia or asia,-0.25
Ill fuck her @vindiesel,-0.45
"I first noticed you and your acting in Pitch Black; as a young fan girl at the time. â˜ºï¸ I have grown into a wiser woman who sees and understands the hard work dedication, time and effort it takes in bringing your talents to the world ğŸŒ ğŸŒ ğŸŒ you are extremely inspirational, hard working, motivated and dedicated!!! Keep evolving and bringing it back to the worlds stage! Letâ€™s get it!! ğŸ“½ğŸ¥ğŸ˜ğŸ™ŒâœŒğŸ»ğŸ’ªğŸ»ğŸ”¥â¤ï¸",-0.022249348958333352
"I first noticed you and your acting in Pitch Black; as a young fan girl at the time. â˜ºï¸ I have grown into a wiser woman who sees and understands the hard work dedication, time and effort it takes in bringing your talents to the world ğŸŒ ğŸŒ ğŸŒ you are extremely inspirational, hard working, motivated and dedicated!!! Keep evolving and bringing it back to the worlds stage! Letâ€™s get it!! ğŸ“½ğŸ¥ğŸ˜ğŸ™ŒâœŒğŸ»ğŸ’ªğŸ»ğŸ”¥â¤ï¸",-0.022249348958333352
"I first noticed you and your acting in Pitch Black; as a young fan girl at the time. â˜ºï¸ I have grown into a wiser woman who sees and understands the hard work dedication, time and effort it takes in bringing your talents to the world ğŸŒ ğŸŒ ğŸŒ you are extremely inspirational, hard working, motivated and dedicated!!! Keep evolving and bringing it back to the worlds stage! Letâ€™s get it!! ğŸ“½ğŸ¥ğŸ˜ğŸ™ŒâœŒğŸ»ğŸ’ªğŸ»ğŸ”¥â¤ï¸",-0.022249348958333352
Iki tah mad bojoe? @lidyaav93,-0.625
Iki tah mad bojoe? @lidyaav93,-0.625
I female Angel not happy got to move,-0.2
Iki tah mad bojoe? @lidyaav93,-0.625
Iki tah mad bojoe? @lidyaav93,-0.625
I female Angel not happy got to move,-0.2
Iki tah mad bojoe? @lidyaav93,-0.625
Iki tah mad bojoe? @lidyaav93,-0.625
I female Angel not happy got to move,-0.2
Thatâ€™s crazy I just finally realized this dam!!! all this time behind the giant was my nigga this is crazy,-0.32
Thatâ€™s crazy I just finally realized this dam!!! all this time behind the giant was my nigga this is crazy,-0.32
Thatâ€™s crazy I just finally realized this dam!!! all this time behind the giant was my nigga this is crazy,-0.32
You never know I could or you could be next who gives a fuck I don't and I don't think you do either.,-0.2
You never know I could or you could be next who gives a fuck I don't and I don't think you do either.,-0.2
You never know I could or you could be next who gives a fuck I don't and I don't think you do either.,-0.2
"Allah says in Quran {{ ( say, O Muhammad) â€œ I have only been commanded to worship the lord of this city, who made it sacred and to whom ( belongs) all things. And I am commanded to be of the Muslims(I.e., those who submit to Allah). And to recite the Quran.â€ And whoever is guided is only guided for ( the benefit of) himself; and whoever strays- say,â€ I am only ( one) of the warners.â€ And say,â€( All) praise is ( due ) to Allah. He will show you His signs, and you will recognize them. And your lord is not unaware of what you do.â€}}â™¥ï¸ğŸŒ·",-0.025
"We miss him. Life's short. God guide us all from evil, deliver us from evil amen.",-0.6666666666666666
"Allah says in Quran {{ ( say, O Muhammad) â€œ I have only been commanded to worship the lord of this city, who made it sacred and to whom ( belongs) all things. And I am commanded to be of the Muslims(I.e., those who submit to Allah). And to recite the Quran.â€ And whoever is guided is only guided for ( the benefit of) himself; and whoever strays- say,â€ I am only ( one) of the warners.â€ And say,â€( All) praise is ( due ) to Allah. He will show you His signs, and you will recognize them. And your lord is not unaware of what you do.â€}}â™¥ï¸ğŸŒ·",-0.025
"We miss him. Life's short. God guide us all from evil, deliver us from evil amen.",-0.6666666666666666
"Allah says in Quran {{ ( say, O Muhammad) â€œ I have only been commanded to worship the lord of this city, who made it sacred and to whom ( belongs) all things. And I am commanded to be of the Muslims(I.e., those who submit to Allah). And to recite the Quran.â€ And whoever is guided is only guided for ( the benefit of) himself; and whoever strays- say,â€ I am only ( one) of the warners.â€ And say,â€( All) praise is ( due ) to Allah. He will show you His signs, and you will recognize them. And your lord is not unaware of what you do.â€}}â™¥ï¸ğŸŒ·",-0.025
"We miss him. Life's short. God guide us all from evil, deliver us from evil amen.",-0.6666666666666666
The other thing I,-0.125
"He is always in ""BAD ASS MODE"" love me some Vin.",-0.09999999999999992
The other thing I,-0.125
"He is always in ""BAD ASS MODE"" love me some Vin.",-0.09999999999999992
The other thing I,-0.125
"He is always in ""BAD ASS MODE"" love me some Vin.",-0.09999999999999992
I was a man who hate this too much to drink and lift and all,-0.30000000000000004
I was a man who hate this too much to drink and lift and all,-0.30000000000000004
I was a man who hate this too much to drink and lift and all,-0.30000000000000004
Crazy,-0.6
Crazy vin love,-0.04999999999999999
Crazy,-0.6
Crazy vin love,-0.04999999999999999
Crazy,-0.6
Crazy vin love,-0.04999999999999999
Wow what a body mother hours in the gym everyday day and night,-0.05
Wow what a body mother hours in the gym everyday day and night,-0.05
Wow what a body mother hours in the gym everyday day and night,-0.05
@vindiesel I feel like Riddick everyday bro,-0.2
@vindiesel I feel like Riddick everyday bro,-0.2
@vindiesel I feel like Riddick everyday bro,-0.2
What a fuck? XXX? ğŸ˜‚ğŸ˜‚ğŸ˜‚,-0.4
What a fuck? XXX? ğŸ˜‚ğŸ˜‚ğŸ˜‚,-0.4
What a fuck? XXX? ğŸ˜‚ğŸ˜‚ğŸ˜‚,-0.4
Penguin thinks he's groot. Maybe you could be a man andput a stop to he hard drugs he's pouring into our community and help the family that are suffering there guy,-0.2916666666666667
Penguin thinks he's groot. Maybe you could be a man andput a stop to he hard drugs he's pouring into our community and help the family that are suffering there guy,-0.2916666666666667
Penguin thinks he's groot. Maybe you could be a man andput a stop to he hard drugs he's pouring into our community and help the family that are suffering there guy,-0.2916666666666667
You know how to be so rude to people who really care about you.Thanks for hurting me again.CARMA,-0.04999999999999999
@vindiesel People who sell homes us - said that if they sell to go please do not place we go not sleep nights are down two twin girls suffer terrible please the heart help them not to be given out please every moment it is the worst nightmare I beg you please answer ğŸ˜¢ğŸ˜¢ @vindiesel,-0.7185185185185187
You know how to be so rude to people who really care about you.Thanks for hurting me again.CARMA,-0.04999999999999999
@vindiesel People who sell homes us - said that if they sell to go please do not place we go not sleep nights are down two twin girls suffer terrible please the heart help them not to be given out please every moment it is the worst nightmare I beg you please answer ğŸ˜¢ğŸ˜¢ @vindiesel,-0.7185185185185187
You know how to be so rude to people who really care about you.Thanks for hurting me again.CARMA,-0.04999999999999999
@vindiesel People who sell homes us - said that if they sell to go please do not place we go not sleep nights are down two twin girls suffer terrible please the heart help them not to be given out please every moment it is the worst nightmare I beg you please answer ğŸ˜¢ğŸ˜¢ @vindiesel,-0.7185185185185187
"Late tonight, 20th of NOV. The FBI doesnâ€™t Telegraph their punch for security reason. Iâ€™ve been giving the FBI quotes all week. The loss of a friend. 11/21, the arrest has already happened. Justin and Kaia Gerber. 11/21 Today. Brad Pitt will be arrested. Bikeriders/ Disneyâ€™s issue is Bieber. Last night, 11/20, 7pm",-0.0875
"Late tonight, 20th of NOV. The FBI doesnâ€™t Telegraph their punch for security reason. Iâ€™ve been giving the FBI quotes all week. The loss of a friend. 11/21, the arrest has already happened. Justin and Kaia Gerber. 11/21 Today. Brad Pitt will be arrested. Bikeriders/ Disneyâ€™s issue is Bieber. Last night, 11/20, 7pm",-0.0875
"Late tonight, 20th of NOV. The FBI doesnâ€™t Telegraph their punch for security reason. Iâ€™ve been giving the FBI quotes all week. The loss of a friend. 11/21, the arrest has already happened. Justin and Kaia Gerber. 11/21 Today. Brad Pitt will be arrested. Bikeriders/ Disneyâ€™s issue is Bieber. Last night, 11/20, 7pm",-0.0875
"At the time the you put that video you menciÃ³n at me but l not sÃ© my,name threare no more.",-0.25
"At the time the you put that video you menciÃ³n at me but l not sÃ© my,name threare no more.",-0.25
"At the time the you put that video you menciÃ³n at me but l not sÃ© my,name threare no more.",-0.25
what's the name o the black's men swag ????,-0.16666666666666666
what's the name o the black's men swag ????,-0.16666666666666666
what's the name o the black's men swag ????,-0.16666666666666666
You look sad Vin. ğŸ˜¢,-0.5
You look sad Vin. ğŸ˜¢,-0.5
You look sad Vin. ğŸ˜¢,-0.5
"Hello, good day Emine Ã‡aÄŸdaÅŸ, I am a mother of 3 children and I am blind, we are in a very difficult situation and I was making money by selling napkins.  I can't because of the virus.  Can you help us with this? @vindiesel",-0.15000000000000002
"Hello, good day Emine Ã‡aÄŸdaÅŸ, I am a mother of 3 children and I am blind, we are in a very difficult situation and I was making money by selling napkins.  I can't because of the virus.  Can you help us with this? @vindiesel",-0.15000000000000002
"Hello, good day Emine Ã‡aÄŸdaÅŸ, I am a mother of 3 children and I am blind, we are in a very difficult situation and I was making money by selling napkins.  I can't because of the virus.  Can you help us with this? @vindiesel",-0.15000000000000002
Whats a fuck you is a fucking genius,-0.5
Whats a fuck you is a fucking genius,-0.5
Whats a fuck you is a fucking genius,-0.5
Very serious look,-0.43333333333333335
Very serious look,-0.43333333333333335
Very serious look,-0.43333333333333335
Elu ada kembaran yakan fuck,-0.4
Elu ada kembaran yakan fuck,-0.4
Elu ada kembaran yakan fuck,-0.4
Hello vin how are you long time no hear from you,-0.05
After fast 9 I was very disappointed.. saw this recently and went in with little to no explanations. & still I was disappointed.. like characters died in previous movies and then they come back. The family died in this movie but yet Iâ€™m sure theyâ€™ll be back to life cause somehow no one in this movie dies from a car explosion or a plane explosion. At this point Iâ€™m waiting for Batman & Superman to come flying in ğŸ¤”,-0.15324074074074076
Hello vin how are you long time no hear from you,-0.05
After fast 9 I was very disappointed.. saw this recently and went in with little to no explanations. & still I was disappointed.. like characters died in previous movies and then they come back. The family died in this movie but yet Iâ€™m sure theyâ€™ll be back to life cause somehow no one in this movie dies from a car explosion or a plane explosion. At this point Iâ€™m waiting for Batman & Superman to come flying in ğŸ¤”,-0.15324074074074076
Hello vin how are you long time no hear from you,-0.05
After fast 9 I was very disappointed.. saw this recently and went in with little to no explanations. & still I was disappointed.. like characters died in previous movies and then they come back. The family died in this movie but yet Iâ€™m sure theyâ€™ll be back to life cause somehow no one in this movie dies from a car explosion or a plane explosion. At this point Iâ€™m waiting for Batman & Superman to come flying in ğŸ¤”,-0.15324074074074076
what a pity that nothing lastsâ˜¹,-0.1
what a pity that nothing lastsâ˜¹,-0.1
what a pity that nothing lastsâ˜¹,-0.1
He is just crazy!,-0.75
"Hahaha I hate this guy's style, he's cool and fake mannered ğŸ˜ğŸ˜ğŸ˜ğŸ˜›ğŸ˜ğŸ˜’ğŸ˜‘",-0.18750000000000003
He is just crazy!,-0.75
"Hahaha I hate this guy's style, he's cool and fake mannered ğŸ˜ğŸ˜ğŸ˜ğŸ˜›ğŸ˜ğŸ˜’ğŸ˜‘",-0.18750000000000003
He is just crazy!,-0.75
"Hahaha I hate this guy's style, he's cool and fake mannered ğŸ˜ğŸ˜ğŸ˜ğŸ˜›ğŸ˜ğŸ˜’ğŸ˜‘",-0.18750000000000003
Wtf is happening.,-0.5
Wtf is happening.,-0.5
Wtf is happening.,-0.5
Next world not fair.,-0.175
Next world not fair.,-0.175
Next world not fair.,-0.175
memang :/ @kellykidman,-0.25
memang :/ @kellykidman,-0.25
memang :/ @kellykidman,-0.25
"I live in St.Paul/ Minneapolis, and still thinking about George Floydâ€™s death ğŸ’€, almost 3 years later! At least the Police ğŸ‘®â€â™€ï¸ officers are in Jail for murdering him!",-0.07215909090909091
"I live in St.Paul/ Minneapolis, and still thinking about George Floydâ€™s death ğŸ’€, almost 3 years later! At least the Police ğŸ‘®â€â™€ï¸ officers are in Jail for murdering him!",-0.07215909090909091
"I live in St.Paul/ Minneapolis, and still thinking about George Floydâ€™s death ğŸ’€, almost 3 years later! At least the Police ğŸ‘®â€â™€ï¸ officers are in Jail for murdering him!",-0.07215909090909091
Warhammer 40k Rouge Trader . My Militant arci dead from Ahriman . I cry,-0.2
Warhammer 40k Rouge Trader . My Militant arci dead from Ahriman . I cry,-0.2
Warhammer 40k Rouge Trader . My Militant arci dead from Ahriman . I cry,-0.2
Looks like pain sorry,-0.5
Looks like pain sorry,-0.5
Looks like pain sorry,-0.5
Bad ass ğŸ‘ğŸ‘ğŸ‘ğŸ¤™ğŸ»ğŸ¤™ğŸ»ğŸ’ªğŸ»ğŸ¤˜ğŸ¼,-0.6999999999999998
Bad ass ğŸ‘ğŸ‘ğŸ‘ğŸ¤™ğŸ»ğŸ¤™ğŸ»ğŸ’ªğŸ»ğŸ¤˜ğŸ¼,-0.6999999999999998
Bad ass ğŸ‘ğŸ‘ğŸ‘ğŸ¤™ğŸ»ğŸ¤™ğŸ»ğŸ’ªğŸ»ğŸ¤˜ğŸ¼,-0.6999999999999998
THIS IS GARRETT HEDLUND AND VIN IN THE SAME PIC WTF @_bethbray,-0.25
THIS IS GARRETT HEDLUND AND VIN IN THE SAME PIC WTF @_bethbray,-0.25
THIS IS GARRETT HEDLUND AND VIN IN THE SAME PIC WTF @_bethbray,-0.25
Sharp,-0.125
Sharp,-0.125
Sharp,-0.125
Mama ğŸ˜‚ğŸ˜‚ğŸ˜‚ğŸ˜‚you post this on @god_1st_33 what's wrong with this post?! ğŸ‘ğŸ»ğŸ‘ğŸ»ğŸ‘ğŸ¼ğŸ˜‚ğŸ˜‚ğŸ˜‚,-0.625
Sorry for u dude...fat and curious!!!!!!!,-0.4884185791015625
Mama ğŸ˜‚ğŸ˜‚ğŸ˜‚ğŸ˜‚you post this on @god_1st_33 what's wrong with this post?! ğŸ‘ğŸ»ğŸ‘ğŸ»ğŸ‘ğŸ¼ğŸ˜‚ğŸ˜‚ğŸ˜‚,-0.625
Sorry for u dude...fat and curious!!!!!!!,-0.4884185791015625
Mama ğŸ˜‚ğŸ˜‚ğŸ˜‚ğŸ˜‚you post this on @god_1st_33 what's wrong with this post?! ğŸ‘ğŸ»ğŸ‘ğŸ»ğŸ‘ğŸ¼ğŸ˜‚ğŸ˜‚ğŸ˜‚,-0.625
Sorry for u dude...fat and curious!!!!!!!,-0.4884185791015625
I watched this the other day,-0.125
I watched this the other day,-0.125
I watched this the other day,-0.125
@tyrese @paulwalker  Paul Walker faked his death ! You are thieves! You should ruin your movie fake shit! Scammers,-0.375
@tyrese @paulwalker  Paul Walker faked his death ! You are thieves! You should ruin your movie fake shit! Scammers,-0.375
@tyrese @paulwalker  Paul Walker faked his death ! You are thieves! You should ruin your movie fake shit! Scammers,-0.375
"@vindiesel please send me two tickets for world premiere, me and my brother have this dream from little kidsğŸ™ğŸ»",-0.1875
FAMILY FAMILY same fucking comment,-0.3
"@vindiesel please send me two tickets for world premiere, me and my brother have this dream from little kidsğŸ™ğŸ»",-0.1875
FAMILY FAMILY same fucking comment,-0.3
"@vindiesel please send me two tickets for world premiere, me and my brother have this dream from little kidsğŸ™ğŸ»",-0.1875
FAMILY FAMILY same fucking comment,-0.3
Wtf,-0.5
Wtf,-0.5
Wtf,-0.5
Wtf,-0.5
Wtf,-0.5
Wtf,-0.5
"That's it my man , that is bad ass.",-0.6999999999999998
"That's it my man , that is bad ass.",-0.6999999999999998
"That's it my man , that is bad ass.",-0.6999999999999998
One bad dude,-0.6999999999999998
One bad dude,-0.6999999999999998
One bad dude,-0.6999999999999998
This is insane man. You gotta be my uncle. No funny shit.,-0.44166666666666665
This is insane man. You gotta be my uncle. No funny shit.,-0.44166666666666665
This is insane man. You gotta be my uncle. No funny shit.,-0.44166666666666665
Why did you made gang of war every movie like psychopathe demon crazy you have To be close in hÃ´pital you casch with all crazy like you,-0.6
Why did you made gang of war every movie like psychopathe demon crazy you have To be close in hÃ´pital you casch with all crazy like you,-0.6
Why did you made gang of war every movie like psychopathe demon crazy you have To be close in hÃ´pital you casch with all crazy like you,-0.6
"ğŸ’–ğŸ’–ğŸ’– don't be mad Family, just couldn't resist!  Yes this is way back, but we go back further than you could dream pretty boy, i mean FAMILY.  To my credit, I objectify you far less these days...really...promise... WAIT, WHY DO YOU LOOK LIKE YOU'RE HOLDING IN LAUGHTER... I'M REFORMED I TELL YOU DIESEL... i meeeaan Mark : )",-0.04560185185185185
This shut sucks,-0.3
"ğŸ’–ğŸ’–ğŸ’– don't be mad Family, just couldn't resist!  Yes this is way back, but we go back further than you could dream pretty boy, i mean FAMILY.  To my credit, I objectify you far less these days...really...promise... WAIT, WHY DO YOU LOOK LIKE YOU'RE HOLDING IN LAUGHTER... I'M REFORMED I TELL YOU DIESEL... i meeeaan Mark : )",-0.04560185185185185
This shut sucks,-0.3
"ğŸ’–ğŸ’–ğŸ’– don't be mad Family, just couldn't resist!  Yes this is way back, but we go back further than you could dream pretty boy, i mean FAMILY.  To my credit, I objectify you far less these days...really...promise... WAIT, WHY DO YOU LOOK LIKE YOU'RE HOLDING IN LAUGHTER... I'M REFORMED I TELL YOU DIESEL... i meeeaan Mark : )",-0.04560185185185185
This shut sucks,-0.3
Long bored for life,-0.275
Long bored for life,-0.275
Long bored for life,-0.275
How Paul Walker is dead,-0.2
How Paul Walker is dead,-0.2
How Paul Walker is dead,-0.2
"crazy. . . Ja,ja,ja",-0.6
"crazy. . . Ja,ja,ja",-0.6
"crazy. . . Ja,ja,ja",-0.6
Totally obsessed. Itâ€™s actually unhealthy,-0.45
Totally obsessed. Itâ€™s actually unhealthy,-0.45
Totally obsessed. Itâ€™s actually unhealthy,-0.45
I'm so confused rn,-0.4
I'm so confused rn,-0.4
I'm so confused rn,-0.4
Why is there no D&D stuff on your IG :(,-0.75
Why is there no D&D stuff on your IG :(,-0.75
Why is there no D&D stuff on your IG :(,-0.75
I love you you mad milf,-0.0625
I love you you mad milf,-0.0625
I love you you mad milf,-0.0625
Oh shit @officiallykam_,-0.2
Oh shit @officiallykam_,-0.2
Oh shit @officiallykam_,-0.2
Sometimes  find it hard in life Vin diesel,-0.2916666666666667
Sometimes  find it hard in life Vin diesel,-0.2916666666666667
Sometimes  find it hard in life Vin diesel,-0.2916666666666667
Hi sir i can not something for you because i live in poor countery haha,-0.02121212121212122
Hi sir i can not something for you because i live in poor countery haha,-0.02121212121212122
Hi sir i can not something for you because i live in poor countery haha,-0.02121212121212122
CreepyğŸ˜¯good photo art but hate the burnt feel of it. Looking forward to the new October movie much.,-0.15454545454545457
CreepyğŸ˜¯good photo art but hate the burnt feel of it. Looking forward to the new October movie much.,-0.15454545454545457
CreepyğŸ˜¯good photo art but hate the burnt feel of it. Looking forward to the new October movie much.,-0.15454545454545457
I gota Dom mind set shit painful,-0.44999999999999996
I gota Dom mind set shit painful,-0.44999999999999996
I gota Dom mind set shit painful,-0.44999999999999996
"dear @vindiesel, i'm from venezuela. forgive the audacity to write .. I write stories, I'm finalizing a script and I would like to share it with you .. if it is not too much trouble please forgive the boldness. excuse my English. ğŸ¤—",-0.08333333333333333
"dear @vindiesel, i'm from venezuela. forgive the audacity to write .. I write stories, I'm finalizing a script and I would like to share it with you .. if it is not too much trouble please forgive the boldness. excuse my English. ğŸ¤—",-0.08333333333333333
"dear @vindiesel, i'm from venezuela. forgive the audacity to write .. I write stories, I'm finalizing a script and I would like to share it with you .. if it is not too much trouble please forgive the boldness. excuse my English. ğŸ¤—",-0.08333333333333333
Whatâ€™s this mean @vindiesel,-0.3125
Whatâ€™s this mean @vindiesel,-0.3125
Whatâ€™s this mean @vindiesel,-0.3125
You look serious. ğŸ˜†ğŸ˜†,-0.3333333333333333
You look serious. ğŸ˜†ğŸ˜†,-0.3333333333333333
You look serious. ğŸ˜†ğŸ˜†,-0.3333333333333333
"Come an dude make a 3 Riddick movie, wanna see Riddick going home and see his past.",-0.25
"Come an dude make a 3 Riddick movie, wanna see Riddick going home and see his past.",-0.25
"Come an dude make a 3 Riddick movie, wanna see Riddick going home and see his past.",-0.25
"Vin hello ğŸ¤š when will there be a normal continuation of the Riddick franchise ?ğŸ¤”And I really wanted at least 4-5 celebrities to be involved in the continuation of the film. Without this, the film will fail. It would be cool if, in addition to you, stars Dolph Lundgren, Gary Oldman, Willem Dafoe, Ron Perlman, Javier Bardem starred in Riddick.",-0.020000000000000007
"Vin hello ğŸ¤š when will there be a normal continuation of the Riddick franchise ?ğŸ¤”And I really wanted at least 4-5 celebrities to be involved in the continuation of the film. Without this, the film will fail. It would be cool if, in addition to you, stars Dolph Lundgren, Gary Oldman, Willem Dafoe, Ron Perlman, Javier Bardem starred in Riddick.",-0.020000000000000007
"Vin hello ğŸ¤š when will there be a normal continuation of the Riddick franchise ?ğŸ¤”And I really wanted at least 4-5 celebrities to be involved in the continuation of the film. Without this, the film will fail. It would be cool if, in addition to you, stars Dolph Lundgren, Gary Oldman, Willem Dafoe, Ron Perlman, Javier Bardem starred in Riddick.",-0.020000000000000007
Sorry the movie name is â€œ una niÃ±era aprueba de balasâ€ and I almost forget. Greetings from Colombia ğŸ‡¨ğŸ‡´,-0.5
Sorry the movie name is â€œ una niÃ±era aprueba de balasâ€ and I almost forget. Greetings from Colombia ğŸ‡¨ğŸ‡´,-0.5
Sorry the movie name is â€œ una niÃ±era aprueba de balasâ€ and I almost forget. Greetings from Colombia ğŸ‡¨ğŸ‡´,-0.5
A time well spent!,-0.125
A time well spent!,-0.125
A time well spent!,-0.125
I'd say he posts other people's quotes because he found value in them and is considerate enough to want us to also benefit from the wisdom.,-0.0625
I'd say he posts other people's quotes because he found value in them and is considerate enough to want us to also benefit from the wisdom.,-0.0625
I'd say he posts other people's quotes because he found value in them and is considerate enough to want us to also benefit from the wisdom.,-0.0625
check your direct message please and reply @vindiesel :'(,-0.45
check your direct message please and reply @vindiesel :'(,-0.45
check your direct message please and reply @vindiesel :'(,-0.45
The little one on the bottom os rocket,-0.1875
The little one on the bottom os rocket,-0.1875
The little one on the bottom os rocket,-0.1875
"""It's like they were frozen cold""",-0.6
"""It's like they were frozen cold""",-0.6
"""It's like they were frozen cold""",-0.6
Wouldn't mind slidin in behind ya and ridin passenger!!,-0.625
Wouldn't mind slidin in behind ya and ridin passenger!!,-0.625
Wouldn't mind slidin in behind ya and ridin passenger!!,-0.625
I think u mentioned the wrong accğŸ˜…his acc was @kriswu,-0.5
I think u mentioned the wrong accğŸ˜…his acc was @kriswu,-0.5
I think u mentioned the wrong accğŸ˜…his acc was @kriswu,-0.5
U mean the Tunisian ğŸ‡¹ğŸ‡³,-0.3125
U mean the Tunisian ğŸ‡¹ğŸ‡³,-0.3125
U mean the Tunisian ğŸ‡¹ğŸ‡³,-0.3125
A ride with u is my truly crazy and obviusly impossible dream! I dont believe un imposible... And i mean a ride as competiciÃ³n haha love u. God bless u i'm ur fan thanks for you all love to. This planeta sorry my english buscame y hazme un gimnasio como el tuyo para que pueda caminar y bailar rÃ¡pido otra vez Dios te bendigaaaaaa,-0.09398148148148147
A ride with u is my truly crazy and obviusly impossible dream! I dont believe un imposible... And i mean a ride as competiciÃ³n haha love u. God bless u i'm ur fan thanks for you all love to. This planeta sorry my english buscame y hazme un gimnasio como el tuyo para que pueda caminar y bailar rÃ¡pido otra vez Dios te bendigaaaaaa,-0.09398148148148147
A ride with u is my truly crazy and obviusly impossible dream! I dont believe un imposible... And i mean a ride as competiciÃ³n haha love u. God bless u i'm ur fan thanks for you all love to. This planeta sorry my english buscame y hazme un gimnasio como el tuyo para que pueda caminar y bailar rÃ¡pido otra vez Dios te bendigaaaaaa,-0.09398148148148147
I'm obsessed with fast and furious! It's all I talk about! LITERALLY!,-0.0546875
Just me or does that guys neck look to long??,-0.05
I'm obsessed with fast and furious! It's all I talk about! LITERALLY!,-0.0546875
Just me or does that guys neck look to long??,-0.05
I'm obsessed with fast and furious! It's all I talk about! LITERALLY!,-0.0546875
Just me or does that guys neck look to long??,-0.05
Why so serious?,-0.3333333333333333
Why so serious?,-0.3333333333333333
Why so serious?,-0.3333333333333333
In confused,-0.4
In confused,-0.4
In confused,-0.4
"O My WordğŸ”¥you shot Bloodshot in South Africa ğŸŒ and I didn't even knowğŸ’•that is terrible, thanks to technology âš™ now I might keep up with what my favorite actor is up toğŸ’ƒ",-0.10000000000000002
"O My WordğŸ”¥you shot Bloodshot in South Africa ğŸŒ and I didn't even knowğŸ’•that is terrible, thanks to technology âš™ now I might keep up with what my favorite actor is up toğŸ’ƒ",-0.10000000000000002
"O My WordğŸ”¥you shot Bloodshot in South Africa ğŸŒ and I didn't even knowğŸ’•that is terrible, thanks to technology âš™ now I might keep up with what my favorite actor is up toğŸ’ƒ",-0.10000000000000002
Yes my guy you will have at least one tuna in your life,-0.3
Yes my guy you will have at least one tuna in your life,-0.3
Yes my guy you will have at least one tuna in your life,-0.3
Such a long way â¤ï¸,-0.025
Such a long way â¤ï¸,-0.025
Such a long way â¤ï¸,-0.025
@vindiesel been through the darkest of days... heavens a heartbreak away... never let you go... never let me down... bro it's been one hell of a ride... driving the edge of the night... don't ya give up... I won't give up,-0.15555555555555559
@vindiesel been through the darkest of days... heavens a heartbreak away... never let you go... never let me down... bro it's been one hell of a ride... driving the edge of the night... don't ya give up... I won't give up,-0.15555555555555559
@vindiesel been through the darkest of days... heavens a heartbreak away... never let you go... never let me down... bro it's been one hell of a ride... driving the edge of the night... don't ya give up... I won't give up,-0.15555555555555559
Driving distracted? Y wanna get yourself killed! If yr holding that camera.,-0.25
Driving distracted? Y wanna get yourself killed! If yr holding that camera.,-0.25
Driving distracted? Y wanna get yourself killed! If yr holding that camera.,-0.25
This RIDDICK....character should go to VIDEO GAME something like MORTALKOMBAT 11... ğŸ˜ˆ,-0.4
This RIDDICK....character should go to VIDEO GAME something like MORTALKOMBAT 11... ğŸ˜ˆ,-0.4
This RIDDICK....character should go to VIDEO GAME something like MORTALKOMBAT 11... ğŸ˜ˆ,-0.4
scary,-0.5
scary,-0.5
scary,-0.5
.riddick is a bad ass movie,-0.6999999999999998
.riddick is a bad ass movie,-0.6999999999999998
.riddick is a bad ass movie,-0.6999999999999998
Mwah..mwah..kissi kisi...that little nunu,-0.1875
Mwah..mwah..kissi kisi...that little nunu,-0.1875
Mwah..mwah..kissi kisi...that little nunu,-0.1875
"Bro it's crazy that y'all named it F8 because it sounds like fate, then y'all named that shit fate of the furious.",-0.4
"Bro it's crazy that y'all named it F8 because it sounds like fate, then y'all named that shit fate of the furious.",-0.4
"Bro it's crazy that y'all named it F8 because it sounds like fate, then y'all named that shit fate of the furious.",-0.4
Sad family,-0.5
Sad family,-0.5
Sad family,-0.5
When can I be like you oh sorry tall barne  hey when hare that did I care like a baby that was just born and going to wash over your show to night the 7 1 2 3 I wash them ever night and day before I go anywere,-0.5
When can I be like you oh sorry tall barne  hey when hare that did I care like a baby that was just born and going to wash over your show to night the 7 1 2 3 I wash them ever night and day before I go anywere,-0.5
When can I be like you oh sorry tall barne  hey when hare that did I care like a baby that was just born and going to wash over your show to night the 7 1 2 3 I wash them ever night and day before I go anywere,-0.5
@fatima_199674 na fati to hamishe ba man bad bodi,-0.6999999999999998
@fatima_199674 na fati to hamishe ba man bad bodi,-0.6999999999999998
@fatima_199674 na fati to hamishe ba man bad bodi,-0.6999999999999998
"Bad boy ,ğŸ˜ŠğŸ’—ğŸ’‹ ğŸ˜",-0.6999999999999998
Now u can't do anything ...you have  to check your dictionary before buying it .....now sorry no refund...@vindiesel .........,-0.5
"Bad boy ,ğŸ˜ŠğŸ’—ğŸ’‹ ğŸ˜",-0.6999999999999998
Now u can't do anything ...you have  to check your dictionary before buying it .....now sorry no refund...@vindiesel .........,-0.5
"Bad boy ,ğŸ˜ŠğŸ’—ğŸ’‹ ğŸ˜",-0.6999999999999998
Now u can't do anything ...you have  to check your dictionary before buying it .....now sorry no refund...@vindiesel .........,-0.5
i miss you paul:((,-0.75
i miss you paul:((,-0.75
i miss you paul:((,-0.75
"Let's drive not fast, for the family bro",-0.1
"Let's drive not fast, for the family bro",-0.1
"Let's drive not fast, for the family bro",-0.1
bad boy,-0.6999999999999998
bad boy,-0.6999999999999998
bad boy,-0.6999999999999998
I am missing paul walkerğŸ˜¢ğŸ˜¢,-0.2
I am missing paul walkerğŸ˜¢ğŸ˜¢,-0.2
I am missing paul walkerğŸ˜¢ğŸ˜¢,-0.2
"You are right, it's so bloody true",-0.05476190476190479
"You are right, it's so bloody true",-0.05476190476190479
"You are right, it's so bloody true",-0.05476190476190479
Already serious.,-0.3333333333333333
Already serious.,-0.3333333333333333
Already serious.,-0.3333333333333333
Finally got round to watching it bloody brill film xxx,-0.3333333333333333
Finally got round to watching it bloody brill film xxx,-0.3333333333333333
Finally got round to watching it bloody brill film xxx,-0.3333333333333333
There is a lot of horrible people in the world,-1.0
There is a lot of horrible people in the world,-1.0
There is a lot of horrible people in the world,-1.0
"R.i.P Paul Walkerâœ¨ Iâ€™m always anonymous everywhere but not here and not this time! The dude gave me a dream, I saw him driving the Supra RZ so I started to work hard everyday for about 3 years and finally I buy my M240i â™¥ï¸ I just tuned the ""exhaust"" the car is like devil. I was always like depressed, not interested by nothing in life and now when I drive my car I just put my sunglasses rayban and keep smile. Maybe Bryan and his Supra RZ saved me or I will not be here too.",-0.06333333333333334
"R.i.P Paul Walkerâœ¨ Iâ€™m always anonymous everywhere but not here and not this time! The dude gave me a dream, I saw him driving the Supra RZ so I started to work hard everyday for about 3 years and finally I buy my M240i â™¥ï¸ I just tuned the ""exhaust"" the car is like devil. I was always like depressed, not interested by nothing in life and now when I drive my car I just put my sunglasses rayban and keep smile. Maybe Bryan and his Supra RZ saved me or I will not be here too.",-0.06333333333333334
"R.i.P Paul Walkerâœ¨ Iâ€™m always anonymous everywhere but not here and not this time! The dude gave me a dream, I saw him driving the Supra RZ so I started to work hard everyday for about 3 years and finally I buy my M240i â™¥ï¸ I just tuned the ""exhaust"" the car is like devil. I was always like depressed, not interested by nothing in life and now when I drive my car I just put my sunglasses rayban and keep smile. Maybe Bryan and his Supra RZ saved me or I will not be here too.",-0.06333333333333334
@ramonsupreme didnâ€™t know you and Vin Diesel were this tight,-0.17857142857142858
@ramonsupreme didnâ€™t know you and Vin Diesel were this tight,-0.17857142857142858
@ramonsupreme didnâ€™t know you and Vin Diesel were this tight,-0.17857142857142858
Angry ğŸ’¢ğŸ’¢ğŸ’¢ ğŸ˜¡ğŸ˜¡,-0.5
Angry ğŸ’¢ğŸ’¢ğŸ’¢ ğŸ˜¡ğŸ˜¡,-0.5
Angry ğŸ’¢ğŸ’¢ğŸ’¢ ğŸ˜¡ğŸ˜¡,-0.5
Help my children are hungry we need the help.we live a lon no one to help no one l have three children and l am one with them is very difficult card number can guve to help.card4276170019268424,-0.25681818181818183
@vindiesel I was so mad at Denzel. The movie started out great....then he turned into a couple of the men I know. @violadavis did her thing as usual. It was a great movie....the echoes at the end made me tear up. That story plays through generations of people the same way.,-0.01874999999999999
Help my children are hungry we need the help.we live a lon no one to help no one l have three children and l am one with them is very difficult card number can guve to help.card4276170019268424,-0.25681818181818183
@vindiesel I was so mad at Denzel. The movie started out great....then he turned into a couple of the men I know. @violadavis did her thing as usual. It was a great movie....the echoes at the end made me tear up. That story plays through generations of people the same way.,-0.01874999999999999
Help my children are hungry we need the help.we live a lon no one to help no one l have three children and l am one with them is very difficult card number can guve to help.card4276170019268424,-0.25681818181818183
@vindiesel I was so mad at Denzel. The movie started out great....then he turned into a couple of the men I know. @violadavis did her thing as usual. It was a great movie....the echoes at the end made me tear up. That story plays through generations of people the same way.,-0.01874999999999999
What does barca bc mean,-0.3125
What does barca bc mean,-0.3125
What does barca bc mean,-0.3125
"Yeeeee! Try harder, give it all.ğŸ’ªğŸ’ªğŸ’ªğŸ’ªğŸ˜‰ğŸ˜‰ğŸ‘ğŸ‘ğŸ‘ğŸ‘ğŸ‘",-0.1
"Yeeeee! Try harder, give it all.ğŸ’ªğŸ’ªğŸ’ªğŸ’ªğŸ˜‰ğŸ˜‰ğŸ‘ğŸ‘ğŸ‘ğŸ‘ğŸ‘",-0.1
"Yeeeee! Try harder, give it all.ğŸ’ªğŸ’ªğŸ’ªğŸ’ªğŸ˜‰ğŸ˜‰ğŸ‘ğŸ‘ğŸ‘ğŸ‘ğŸ‘",-0.1
Hard Training,-0.2916666666666667
Hard Training,-0.2916666666666667
Hard Training,-0.2916666666666667
man am  black man,-0.16666666666666666
man am  black man,-0.16666666666666666
what is the name behind you???,-0.4
man am  black man,-0.16666666666666666
man am  black man,-0.16666666666666666
what is the name behind you???,-0.4
man am  black man,-0.16666666666666666
man am  black man,-0.16666666666666666
what is the name behind you???,-0.4
Pitch black,-0.16666666666666666
Pitch black,-0.16666666666666666
Pitch black,-0.16666666666666666
@vindiesel the others have a bilingual person who translates the information in the game,-0.4
@vindiesel the others have a bilingual person who translates the information in the game,-0.4
@vindiesel the others have a bilingual person who translates the information in the game,-0.4
I'ff possible so please come @paulwalker ğŸ™ğŸ™ğŸ™ğŸ™ life totally boring without you. I really miss you brother ğŸ˜­ğŸ˜­ğŸ˜­ğŸ˜­ğŸ˜˜ğŸ˜˜ğŸ˜˜ğŸ˜˜,-0.26666666666666666
I'ff possible so please come @paulwalker ğŸ™ğŸ™ğŸ™ğŸ™ life totally boring without you. I really miss you brother ğŸ˜­ğŸ˜­ğŸ˜­ğŸ˜­ğŸ˜˜ğŸ˜˜ğŸ˜˜ğŸ˜˜,-0.26666666666666666
I'ff possible so please come @paulwalker ğŸ™ğŸ™ğŸ™ğŸ™ life totally boring without you. I really miss you brother ğŸ˜­ğŸ˜­ğŸ˜­ğŸ˜­ğŸ˜˜ğŸ˜˜ğŸ˜˜ğŸ˜˜,-0.26666666666666666
Brutal,-0.875
Brutal,-0.875
Brutal,-0.875
Cage.. What the fuck is going on!?! Ñ…Ğ°Ğ¥Ğ°Ñ…Ğ°!),-0.78125
Cage.. What the fuck is going on!?! Ñ…Ğ°Ğ¥Ğ°Ñ…Ğ°!),-0.78125
Cage.. What the fuck is going on!?! Ñ…Ğ°Ğ¥Ğ°Ñ…Ğ°!),-0.78125
John bon Jones put your shit together and be a Champion again.. We miss you Boss,-0.2
John bon Jones put your shit together and be a Champion again.. We miss you Boss,-0.2
John bon Jones put your shit together and be a Champion again.. We miss you Boss,-0.2
"@pamperedprincess69  2 late, already getting this rn. Those abs on my back will be unstoppable.",-0.15
"@pamperedprincess69  2 late, already getting this rn. Those abs on my back will be unstoppable.",-0.15
"@pamperedprincess69  2 late, already getting this rn. Those abs on my back will be unstoppable.",-0.15
"We've came a long way, from where se began...",-0.05
We've came a long way without you my friend so i tell you all about it when i see you again,-0.05
"We've came a long way, from where se began...",-0.05
We've came a long way without you my friend so i tell you all about it when i see you again,-0.05
"We've came a long way, from where se began...",-0.05
We've came a long way without you my friend so i tell you all about it when i see you again,-0.05
Yeah am crazy  about muscle cars...,-0.6
Yeah am crazy  about muscle cars...,-0.6
Yeah am crazy  about muscle cars...,-0.6
You closed Facebook VinBook Community ğŸ˜•ğŸ˜” @vindiesel,-0.1
You closed Facebook VinBook Community ğŸ˜•ğŸ˜” @vindiesel,-0.1
You closed Facebook VinBook Community ğŸ˜•ğŸ˜” @vindiesel,-0.1
"Hello Vin ! ARE YOU LOOKING FOR A MEAN ASIAN FACE ? BROTHER ? LEMME KNOW ... IT WILL BE AN HONOR TO BE A PART OF YOUR PROJECTS, BROTHER... sameer_609@hotmail.com",-0.15625
"Hello Vin ! ARE YOU LOOKING FOR A MEAN ASIAN FACE ? BROTHER ? LEMME KNOW ... IT WILL BE AN HONOR TO BE A PART OF YOUR PROJECTS, BROTHER... sameer_609@hotmail.com",-0.15625
"Hello Vin ! ARE YOU LOOKING FOR A MEAN ASIAN FACE ? BROTHER ? LEMME KNOW ... IT WILL BE AN HONOR TO BE A PART OF YOUR PROJECTS, BROTHER... sameer_609@hotmail.com",-0.15625
@dch___ too bad its not you,-0.6999999999999998
@dch___ too bad its not you,-0.6999999999999998
@dch___ too bad its not you,-0.6999999999999998
"The #ssijamm podcast invites you to the studio for conversations that will go VIRAL.The plan: you hang out, come eat, drink, and talk./ or Zoom/discord/skype callWhen we finish: We give each other a kiss, a hand and see you in the next episode.!Tate's team#ssijamm",-0.0625
"The #ssijamm podcast invites you to the studio for conversations that will go VIRAL.The plan: you hang out, come eat, drink, and talk./ or Zoom/discord/skype callWhen we finish: We give each other a kiss, a hand and see you in the next episode.!Tate's team#ssijamm",-0.0625
"The #ssijamm podcast invites you to the studio for conversations that will go VIRAL.The plan: you hang out, come eat, drink, and talk./ or Zoom/discord/skype callWhen we finish: We give each other a kiss, a hand and see you in the next episode.!Tate's team#ssijamm",-0.0625
1 missing ğŸ˜­ğŸ˜­ğŸ˜­,-0.2
1 missing ğŸ˜­ğŸ˜­ğŸ˜­,-0.2
1 missing ğŸ˜­ğŸ˜­ğŸ˜­,-0.2
I hate this movie,-0.8
I hate this movie,-0.8
I hate this movie,-0.8
"did you tag the wrong Nina account, or is it on purpose ğŸ˜¹â¤ï¸",-0.5
"did you tag the wrong Nina account, or is it on purpose ğŸ˜¹â¤ï¸",-0.5
"did you tag the wrong Nina account, or is it on purpose ğŸ˜¹â¤ï¸",-0.5
But what is the name of this black pepper which is with a cigar,-0.16666666666666666
But what is the name of this black pepper which is with a cigar,-0.16666666666666666
But what is the name of this black pepper which is with a cigar,-0.16666666666666666
"MARK SINCLAIR. VIN DIESEL? WHERE DID YOU COME UP WITH THAT? HOW BOUT Mark Diesel. Or Sinclair Vin. Talking crap on The Rock. He is the man. You, have one acting character and they are all the same dude. Dont become Mr. I AM THE MAN. EVERY ACTOR DOES THE SAME JOB AS YOU. SO TAKE SOME CLASSES AND BE COOL WITH EVERYONE ELSE.  THE CRAP YOU SAY MAN. JUST CREEPS ME OUT. JESUS. HAVE YOU LISTENED TO WHAT YOU HAVE TOLD PEOPLE ABOUT YOU? WE LOVED PITCH black movies.  But  it aint all about you Mark. Be the guy that everyone looks up to.  By doing and saying good things about the people you work with. Little brother Dwayne?? Damn",-0.020416666666666673
"MARK SINCLAIR. VIN DIESEL? WHERE DID YOU COME UP WITH THAT? HOW BOUT Mark Diesel. Or Sinclair Vin. Talking crap on The Rock. He is the man. You, have one acting character and they are all the same dude. Dont become Mr. I AM THE MAN. EVERY ACTOR DOES THE SAME JOB AS YOU. SO TAKE SOME CLASSES AND BE COOL WITH EVERYONE ELSE.  THE CRAP YOU SAY MAN. JUST CREEPS ME OUT. JESUS. HAVE YOU LISTENED TO WHAT YOU HAVE TOLD PEOPLE ABOUT YOU? WE LOVED PITCH black movies.  But  it aint all about you Mark. Be the guy that everyone looks up to.  By doing and saying good things about the people you work with. Little brother Dwayne?? Damn",-0.020416666666666673
"MARK SINCLAIR. VIN DIESEL? WHERE DID YOU COME UP WITH THAT? HOW BOUT Mark Diesel. Or Sinclair Vin. Talking crap on The Rock. He is the man. You, have one acting character and they are all the same dude. Dont become Mr. I AM THE MAN. EVERY ACTOR DOES THE SAME JOB AS YOU. SO TAKE SOME CLASSES AND BE COOL WITH EVERYONE ELSE.  THE CRAP YOU SAY MAN. JUST CREEPS ME OUT. JESUS. HAVE YOU LISTENED TO WHAT YOU HAVE TOLD PEOPLE ABOUT YOU? WE LOVED PITCH black movies.  But  it aint all about you Mark. Be the guy that everyone looks up to.  By doing and saying good things about the people you work with. Little brother Dwayne?? Damn",-0.020416666666666673
sit down car wasnt,-0.15555555555555559
sit down car wasnt,-0.15555555555555559
sit down car wasnt,-0.15555555555555559
crazy for You @vindiesel ğŸ’œğŸ˜˜â¤ğŸ˜ğŸ˜ğŸ˜ğŸ˜ğŸ˜ğŸ˜ğŸ˜,-0.6
crazy for You @vindiesel ğŸ’œğŸ˜˜â¤ğŸ˜ğŸ˜ğŸ˜ğŸ˜ğŸ˜ğŸ˜ğŸ˜,-0.6
crazy for You @vindiesel ğŸ’œğŸ˜˜â¤ğŸ˜ğŸ˜ğŸ˜ğŸ˜ğŸ˜ğŸ˜ğŸ˜,-0.6
My family was once a family that people looked as as goals man now its just so hard and tuffğŸ˜,-0.2916666666666667
My family was once a family that people looked as as goals man now its just so hard and tuffğŸ˜,-0.2916666666666667
My family was once a family that people looked as as goals man now its just so hard and tuffğŸ˜,-0.2916666666666667
It's so hard,-0.2916666666666667
It's so hard,-0.2916666666666667
It's so hard,-0.2916666666666667
:-[,-0.75
:-[,-0.75
:-[,-0.75
@imstewart @scottjohnstonnn @lukepoutney its been a long day without you my friend,-0.05
@imstewart @scottjohnstonnn @lukepoutney its been a long day without you my friend,-0.05
@imstewart @scottjohnstonnn @lukepoutney its been a long day without you my friend,-0.05
Tyrese i hate this to doom you but you were so helpful to me i said fuck it bye,-0.6000000000000001
Tyrese i hate this to doom you but you were so helpful to me i said fuck it bye,-0.6000000000000001
Tyrese i hate this to doom you but you were so helpful to me i said fuck it bye,-0.6000000000000001
Perplexed? He is complicated. Staying in character.,-0.04999999999999999
Perplexed? He is complicated. Staying in character.,-0.04999999999999999
Perplexed? He is complicated. Staying in character.,-0.04999999999999999
I'm crying,-0.2
I'm crying,-0.2
I'm crying,-0.2
Nasty angel carbajal is laughing about the murdered kids by making a foot print on their heads . It's wrong just wrong take out the hair cutting studio,-0.65
I like yo game,-0.4
Nasty angel carbajal is laughing about the murdered kids by making a foot print on their heads . It's wrong just wrong take out the hair cutting studio,-0.65
I like yo game,-0.4
Nasty angel carbajal is laughing about the murdered kids by making a foot print on their heads . It's wrong just wrong take out the hair cutting studio,-0.65
I like yo game,-0.4
Your voice is sooo deep wtf,-0.25
Your voice is sooo deep wtf,-0.25
Your voice is sooo deep wtf,-0.25
this why put movie 8 epic wrong car into body water,-0.2
this why put movie 8 epic wrong car into body water,-0.2
this why put movie 8 epic wrong car into body water,-0.2
@essencee.babbii ğŸ˜‚ğŸ˜‚ that's what I'm sayin!! this shit doesn't compare to D & L,-0.2
@essencee.babbii ğŸ˜‚ğŸ˜‚ that's what I'm sayin!! this shit doesn't compare to D & L,-0.2
@essencee.babbii ğŸ˜‚ğŸ˜‚ that's what I'm sayin!! this shit doesn't compare to D & L,-0.2
Sorry we missed seeing you in person come back again soon,-0.25
Sorry we missed seeing you in person come back again soon,-0.25
Sorry we missed seeing you in person come back again soon,-0.25
Nikinikiniki jam saga white black,-0.08333333333333333
Nikinikiniki jam saga white black,-0.08333333333333333
Nikinikiniki jam saga white black,-0.08333333333333333
Little angel ğŸ’™,-0.1875
Little angel ğŸ’™,-0.1875
Little angel ğŸ’™,-0.1875
It's me said alone go movie summer nyc tht all. So what said not friend u deaf men no more again. I knew that said bitch u catch find jasmin deshields hide serious phone call deaf he tall hand tattoo turn build hotel tht 2012 year summer tht all. Jesus christ lord god amen. ğŸ‘¼ğŸ™,-0.29166666666666663
It's me said alone go movie summer nyc tht all. So what said not friend u deaf men no more again. I knew that said bitch u catch find jasmin deshields hide serious phone call deaf he tall hand tattoo turn build hotel tht 2012 year summer tht all. Jesus christ lord god amen. ğŸ‘¼ğŸ™,-0.29166666666666663
It's me said alone go movie summer nyc tht all. So what said not friend u deaf men no more again. I knew that said bitch u catch find jasmin deshields hide serious phone call deaf he tall hand tattoo turn build hotel tht 2012 year summer tht all. Jesus christ lord god amen. ğŸ‘¼ğŸ™,-0.29166666666666663
are you serious fast 8 coming soon,-0.06666666666666665
R u having fast 8 bc my cousin say no bc Paul died :(,-0.275
are you serious fast 8 coming soon,-0.06666666666666665
R u having fast 8 bc my cousin say no bc Paul died :(,-0.275
are you serious fast 8 coming soon,-0.06666666666666665
R u having fast 8 bc my cousin say no bc Paul died :(,-0.275
Looks bad ass,-0.6999999999999998
Looks bad ass,-0.6999999999999998
Looks bad ass,-0.6999999999999998
Iâ€™m missing your live â˜ºï¸,-0.03181818181818183
Iâ€™m missing your live â˜ºï¸,-0.03181818181818183
Iâ€™m missing your live â˜ºï¸,-0.03181818181818183
@mlarson34 not sure why you're 37 weeks deep on Vin Diesel's Instagram but thanks for this,-0.016666666666666663
@mlarson34 not sure why you're 37 weeks deep on Vin Diesel's Instagram but thanks for this,-0.016666666666666663
@mlarson34 not sure why you're 37 weeks deep on Vin Diesel's Instagram but thanks for this,-0.016666666666666663
@vindiesel i want dat shirt...:(,-0.75
Really wish to view behind the scene.,-0.1
@vindiesel i want dat shirt...:(,-0.75
Really wish to view behind the scene.,-0.1
@vindiesel i want dat shirt...:(,-0.75
Really wish to view behind the scene.,-0.1
sorry,-0.5
"In the name of God and the name of the Persian Gulf, Iranian soldier always am no matter what I do on the Bay name language URI, because a letter does not listen crazy crazy, just until there's an Iranian like th milk of all ahtramsh are always so afraid of nothing and start on the language of Iran. Iran's zeal as alwaysnnnnnn",-0.6
sorry,-0.5
"In the name of God and the name of the Persian Gulf, Iranian soldier always am no matter what I do on the Bay name language URI, because a letter does not listen crazy crazy, just until there's an Iranian like th milk of all ahtramsh are always so afraid of nothing and start on the language of Iran. Iran's zeal as alwaysnnnnnn",-0.6
sorry,-0.5
"In the name of God and the name of the Persian Gulf, Iranian soldier always am no matter what I do on the Bay name language URI, because a letter does not listen crazy crazy, just until there's an Iranian like th milk of all ahtramsh are always so afraid of nothing and start on the language of Iran. Iran's zeal as alwaysnnnnnn",-0.6
"Seriously, what you were thinking when you took this photo ğŸ™†ğŸ»â€â™‚ï¸ğŸ‘€",-0.3333333333333333
"Seriously, what you were thinking when you took this photo ğŸ™†ğŸ»â€â™‚ï¸ğŸ‘€",-0.3333333333333333
"Seriously, what you were thinking when you took this photo ğŸ™†ğŸ»â€â™‚ï¸ğŸ‘€",-0.3333333333333333
This image hit me hard.,-0.2916666666666667
This image hit me hard.,-0.2916666666666667
This image hit me hard.,-0.2916666666666667
Hands down one of my favorites Babylon AD ğŸ”¥ğŸ”¥ğŸ”¥,-0.15555555555555559
Hands down one of my favorites Babylon AD ğŸ”¥ğŸ”¥ğŸ”¥,-0.15555555555555559
Hands down one of my favorites Babylon AD ğŸ”¥ğŸ”¥ğŸ”¥,-0.15555555555555559
She's ugly ğŸ˜‘,-0.7
She's ugly ğŸ˜‘,-0.7
She's ugly ğŸ˜‘,-0.7
"I remember Justin Lin who played Lance Nguyen, the secondary antagonist of Fast and Furious 1",-0.04999999999999999
"I remember Justin Lin who played Lance Nguyen, the secondary antagonist of Fast and Furious 1",-0.04999999999999999
"I remember Justin Lin who played Lance Nguyen, the secondary antagonist of Fast and Furious 1",-0.04999999999999999
Get a role in black 100 % movie,-0.16666666666666666
Get a role in black 100 % movie,-0.16666666666666666
Get a role in black 100 % movie,-0.16666666666666666
Look tired vin,-0.4
Look tired vin,-0.4
Look tired vin,-0.4
Real talk did you fuck them kids,-0.1
"What do you mean ""getting it in,"" Vin?",-0.3125
Real talk did you fuck them kids,-0.1
"What do you mean ""getting it in,"" Vin?",-0.3125
Real talk did you fuck them kids,-0.1
"What do you mean ""getting it in,"" Vin?",-0.3125
@mmorales_baby she was just on ET week or so ago profiling her family. Maybe ET got it wrong. But anyhoo its not a big deal.,-0.25
@pinkangel4eva she's not married and she doesn't have any kids....you must be thinking of someone else.,-0.125
@mmorales_baby she was just on ET week or so ago profiling her family. Maybe ET got it wrong. But anyhoo its not a big deal.,-0.25
@pinkangel4eva she's not married and she doesn't have any kids....you must be thinking of someone else.,-0.125
@mmorales_baby she was just on ET week or so ago profiling her family. Maybe ET got it wrong. But anyhoo its not a big deal.,-0.25
@pinkangel4eva she's not married and she doesn't have any kids....you must be thinking of someone else.,-0.125
